<?xml version="1.0" encoding="UTF-8"?>
<project-private xmlns="http://www.netbeans.org/ns/project-private/1">
    <editor-bookmarks xmlns="http://www.netbeans.org/ns/editor-bookmarks/2" lastBookmarkId="0"/>
    <open-files xmlns="http://www.netbeans.org/ns/projectui-open-files/2">
        <group>
            <file>file:/D:/Canteen/src/Choose.java</file>
            <file>file:/D:/Canteen/src/End.java</file>
            <file>file:/D:/Canteen/src/Breakfast.java</file>
            <file>file:/D:/Canteen/src/Canteen.java</file>
            <file>file:/D:/Canteen/src/Login.java</file>
            <file>file:/D:/Canteen/src/Lunch.java</file>
        </group>
    </open-files>
</project-private>
